Metric,Value
Nodes,150.0
Edges,3000.0
Density,0.1342281879194631
Diamond Core Size,17.0
Modularity Q,0.24333748795161078
Top PageRank,0.04560742447948748
